{"stats":{"minecraft:dropped":{"minecraft:wheat_seeds":4,"minecraft:white_wool":3},"minecraft:crafted":{"minecraft:white_bed":1,"minecraft:oak_planks":12,"minecraft:crafting_table":2},"minecraft:killed":{"minecraft:sheep":6,"minecraft:spider":1},"minecraft:custom":{"minecraft:time_since_rest":4875,"minecraft:crouch_one_cm":1050,"minecraft:play_time":14952,"minecraft:sprint_one_cm":27377,"minecraft:damage_taken":190,"minecraft:walk_one_cm":25843,"minecraft:sneak_time":127,"minecraft:walk_under_water_one_cm":306,"minecraft:mob_kills":7,"minecraft:drop":5,"minecraft:jump":307,"minecraft:damage_dealt":656,"minecraft:leave_game":1,"minecraft:time_since_death":14952,"minecraft:walk_on_water_one_cm":2215,"minecraft:sleep_in_bed":1,"minecraft:total_world_time":14952,"minecraft:swim_one_cm":12598,"minecraft:interact_with_crafting_table":2,"minecraft:fall_one_cm":4397,"minecraft:fly_one_cm":71913},"minecraft:mined":{"minecraft:grass":2,"minecraft:grass_block":1,"minecraft:oak_log":3,"minecraft:white_bed":1,"minecraft:dirt":1,"minecraft:tall_grass":31},"minecraft:used":{"minecraft:dirt":1,"minecraft:mutton":10,"minecraft:crafting_table":2,"minecraft:white_bed":1},"minecraft:picked_up":{"minecraft:wheat_seeds":4,"minecraft:oak_log":3,"minecraft:white_bed":1,"minecraft:dirt":2,"minecraft:mutton":10,"minecraft:white_wool":6}},"DataVersion":3465}