{"stats":{"minecraft:dropped":{"minecraft:wheat_seeds":2},"minecraft:custom":{"minecraft:time_since_rest":5292,"minecraft:crouch_one_cm":351,"minecraft:play_time":13654,"minecraft:sprint_one_cm":15168,"minecraft:deaths":1,"minecraft:damage_taken":290,"minecraft:walk_one_cm":25131,"minecraft:sneak_time":138,"minecraft:walk_under_water_one_cm":2288,"minecraft:drop":2,"minecraft:jump":228,"minecraft:damage_dealt":438,"minecraft:leave_game":1,"minecraft:time_since_death":6782,"minecraft:walk_on_water_one_cm":4889,"minecraft:total_world_time":13654,"minecraft:swim_one_cm":5138,"minecraft:fall_one_cm":5701,"minecraft:fly_one_cm":76748,"minecraft:player_kills":1},"minecraft:killed_by":{"minecraft:player":1},"minecraft:mined":{"minecraft:grass":53,"minecraft:tall_grass":1},"minecraft:used":{"minecraft:apple":2,"minecraft:grass_block":1,"tombstone:gift":1},"minecraft:picked_up":{"minecraft:wheat_seeds":3,"minecraft:dandelion":1}},"DataVersion":3465}