{"stats":{"minecraft:dropped":{"minecraft:wheat_seeds":2},"minecraft:custom":{"minecraft:jump":160,"minecraft:time_since_rest":5306,"minecraft:damage_dealt":240,"minecraft:walk_on_water_one_cm":874,"minecraft:sprint_one_cm":10501,"minecraft:play_time":5306,"minecraft:damage_taken":136,"minecraft:time_since_death":5306,"minecraft:walk_one_cm":8359,"minecraft:sneak_time":10,"minecraft:total_world_time":5306,"minecraft:drop":2,"minecraft:fall_one_cm":4865,"minecraft:fly_one_cm":52009,"minecraft:player_kills":1},"minecraft:mined":{"minecraft:grass":48},"minecraft:used":{"minecraft:apple":2,"minecraft:grass_block":1},"minecraft:picked_up":{"minecraft:wheat_seeds":3,"minecraft:dandelion":1}},"DataVersion":3465}