{"stats":{"minecraft:dropped":{"minecraft:pink_dye":1,"tombstone:gift":1},"minecraft:crafted":{"minecraft:oak_planks":20,"minecraft:cooked_porkchop":3,"minecraft:crafting_table":1,"minecraft:stick":8,"minecraft:pink_bed":1,"minecraft:wooden_pickaxe":1,"minecraft:stone_pickaxe":1,"minecraft:furnace":1,"minecraft:white_bed":1,"minecraft:stone_axe":1,"minecraft:pink_dye":2,"minecraft:air":0,"minecraft:cooked_mutton":2},"minecraft:killed":{"minecraft:sheep":1,"minecraft:pig":1,"minecraft:cow":4},"minecraft:custom":{"minecraft:time_since_rest":8446,"minecraft:interact_with_furnace":5,"minecraft:sprint_one_cm":46856,"minecraft:damage_taken":474,"minecraft:walk_one_cm":75297,"minecraft:mob_kills":6,"minecraft:drop":2,"minecraft:damage_dealt":1050,"minecraft:swim_one_cm":10942,"minecraft:interact_with_crafting_table":4,"minecraft:fly_one_cm":149525,"minecraft:player_kills":1,"minecraft:crouch_one_cm":1423,"minecraft:play_time":23425,"minecraft:deaths":1,"minecraft:sneak_time":502,"minecraft:walk_under_water_one_cm":2896,"minecraft:jump":543,"minecraft:leave_game":2,"minecraft:time_since_death":19682,"minecraft:walk_on_water_one_cm":7698,"minecraft:sleep_in_bed":2,"minecraft:total_world_time":23425,"minecraft:fall_one_cm":9106},"minecraft:killed_by":{"minecraft:player":1},"minecraft:mined":{"minecraft:white_bed":1,"minecraft:furnace":2,"minecraft:peony":1,"minecraft:crafting_table":3,"minecraft:grass":10,"minecraft:grass_block":5,"minecraft:oak_log":8,"minecraft:stone":37},"minecraft:used":{"minecraft:cooked_mutton":2,"minecraft:stone_pickaxe":21,"minecraft:wooden_pickaxe":19,"minecraft:stone_axe":13,"minecraft:light_gray_wool":1,"minecraft:dirt":5,"minecraft:crafting_table":3,"minecraft:furnace":2,"minecraft:cooked_porkchop":1,"tombstone:gift":2,"minecraft:white_bed":1},"minecraft:picked_up":{"minecraft:crafting_table":3,"minecraft:leather":5,"minecraft:porkchop":3,"minecraft:oak_log":8,"minecraft:white_bed":1,"minecraft:dirt":5,"tombstone:gift":1,"minecraft:peony":1,"minecraft:wheat_seeds":5,"minecraft:beef":8,"minecraft:light_gray_wool":1,"minecraft:mutton":3,"minecraft:white_wool":3,"minecraft:cobblestone":37,"minecraft:furnace":2}},"DataVersion":3465}