{"stats":{"minecraft:picked_up":{"minecraft:crafting_table":2,"minecraft:cherry_log":10,"minecraft:cobblestone":5},"minecraft:mined":{"minecraft:cherry_leaves":2,"minecraft:cherry_log":10,"minecraft:stone":5,"minecraft:crafting_table":2},"minecraft:used":{"minecraft:wooden_axe":7,"minecraft:crafting_table":3,"minecraft:wooden_pickaxe":5},"minecraft:custom":{"minecraft:time_since_rest":4822,"minecraft:crouch_one_cm":489,"minecraft:play_time":4822,"minecraft:sprint_one_cm":4497,"minecraft:walk_one_cm":5036,"minecraft:sneak_time":277,"minecraft:jump":50,"minecraft:leave_game":1,"minecraft:time_since_death":4822,"minecraft:total_world_time":4822,"minecraft:fall_one_cm":1697,"minecraft:interact_with_crafting_table":3,"minecraft:fly_one_cm":8350},"minecraft:crafted":{"minecraft:stone_sword":1,"minecraft:cherry_planks":40,"minecraft:crafting_table":1,"minecraft:stick":8,"minecraft:wooden_pickaxe":1,"minecraft:stone_pickaxe":1,"minecraft:wooden_axe":1}},"DataVersion":3465}