{"stats":{"minecraft:dropped":{"tombstone:gift":1},"minecraft:crafted":{"minecraft:oak_planks":12,"minecraft:crafting_table":1,"minecraft:stick":4,"minecraft:wooden_pickaxe":1,"minecraft:stone_pickaxe":1,"minecraft:furnace":1,"minecraft:white_bed":1},"minecraft:killed":{"minecraft:sheep":1},"minecraft:custom":{"minecraft:time_since_rest":1842,"minecraft:interact_with_furnace":1,"minecraft:sprint_one_cm":31571,"minecraft:damage_taken":474,"minecraft:walk_one_cm":62537,"minecraft:mob_kills":1,"minecraft:drop":1,"minecraft:damage_dealt":550,"minecraft:swim_one_cm":10942,"minecraft:interact_with_crafting_table":3,"minecraft:fly_one_cm":118872,"minecraft:player_kills":1,"minecraft:crouch_one_cm":1321,"minecraft:play_time":16821,"minecraft:deaths":1,"minecraft:sneak_time":457,"minecraft:walk_under_water_one_cm":2896,"minecraft:jump":412,"minecraft:leave_game":1,"minecraft:time_since_death":13078,"minecraft:walk_on_water_one_cm":7456,"minecraft:sleep_in_bed":2,"minecraft:total_world_time":16821,"minecraft:fall_one_cm":6478},"minecraft:killed_by":{"minecraft:player":1},"minecraft:mined":{"minecraft:white_bed":1,"minecraft:crafting_table":1,"minecraft:grass":7,"minecraft:oak_log":3,"minecraft:stone":35},"minecraft:used":{"minecraft:stone_pickaxe":16,"minecraft:wooden_pickaxe":19,"minecraft:crafting_table":2,"minecraft:furnace":1,"tombstone:gift":2,"minecraft:white_bed":1},"minecraft:picked_up":{"minecraft:crafting_table":1,"minecraft:oak_log":3,"minecraft:white_bed":1,"tombstone:gift":1,"minecraft:light_gray_wool":1,"minecraft:mutton":2,"minecraft:white_wool":3,"minecraft:cobblestone":33}},"DataVersion":3465}