{"stats":{"minecraft:picked_up":{"minecraft:crafting_table":3,"minecraft:feather":3,"minecraft:chicken":3,"minecraft:glow_ink_sac":1,"minecraft:tuff":6,"create:raw_zinc":2,"minecraft:amethyst_block":6,"minecraft:lapis_lazuli":8,"minecraft:dirt":1,"minecraft:cooked_mutton":8,"minecraft:cobbled_deepslate":10,"minecraft:raw_gold":24,"minecraft:calcite":5,"minecraft:light_gray_wool":1,"minecraft:egg":3,"minecraft:furnace":2,"minecraft:raw_iron":39,"minecraft:smooth_basalt":4,"minecraft:amethyst_shard":8,"minecraft:cherry_log":10,"minecraft:arrow":1,"minecraft:mutton":8,"minecraft:coal":49,"minecraft:white_wool":4,"minecraft:cobblestone":34},"minecraft:custom":{"minecraft:interact_with_furnace":27,"minecraft:mob_kills":10,"minecraft:interact_with_crafting_table":13,"minecraft:leave_game":1,"minecraft:time_since_death":28822,"minecraft:time_since_rest":28822,"minecraft:sprint_one_cm":24919,"minecraft:damage_taken":320,"minecraft:walk_one_cm":96652,"minecraft:damage_blocked_by_shield":40,"minecraft:damage_dealt":889,"minecraft:fly_one_cm":34381,"minecraft:crouch_one_cm":12754,"minecraft:play_time":28822,"tombstone:undead_killed":1,"minecraft:sneak_time":4221,"minecraft:walk_under_water_one_cm":5765,"minecraft:jump":364,"minecraft:walk_on_water_one_cm":6519,"minecraft:total_world_time":28822,"minecraft:fall_one_cm":11787,"minecraft:horse_one_cm":1499},"minecraft:mined":{"create:deepslate_zinc_ore":2,"minecraft:tuff":6,"minecraft:sculk_vein":1,"minecraft:cherry_log":10,"minecraft:amethyst_cluster":2,"minecraft:crafting_table":3,"minecraft:grass_block":4,"minecraft:calcite":5,"minecraft:deepslate_gold_ore":24,"minecraft:sculk":10,"minecraft:amethyst_block":6,"minecraft:furnace":2,"minecraft:iron_ore":24,"minecraft:deepslate_lapis_ore":1,"minecraft:grass":1,"minecraft:coal_ore":31,"minecraft:deepslate_iron_ore":15,"minecraft:cherry_leaves":2,"minecraft:dirt":4,"minecraft:smooth_basalt":4,"minecraft:stone":34,"minecraft:deepslate":10},"minecraft:used":{"minecraft:cooked_mutton":2,"minecraft:water_bucket":8,"minecraft:stone_sword":16,"minecraft:stone_pickaxe":60,"minecraft:wooden_pickaxe":5,"minecraft:shield":1,"minecraft:cooked_chicken":3,"minecraft:iron_chestplate":1,"minecraft:torch":6,"minecraft:dirt":1,"minecraft:crafting_table":5,"minecraft:wooden_axe":7,"minecraft:iron_axe":7,"minecraft:iron_pickaxe":112,"minecraft:iron_helmet":1,"minecraft:furnace":4,"minecraft:bucket":9},"minecraft:killed":{"minecraft:sheep":5,"minecraft:zombie":1,"minecraft:chicken":3},"minecraft:crafted":{"minecraft:cherry_planks":40,"minecraft:crafting_table":2,"minecraft:iron_helmet":1,"minecraft:wooden_pickaxe":1,"minecraft:cooked_chicken":3,"minecraft:furnace":2,"minecraft:bucket":1,"minecraft:air":0,"minecraft:iron_chestplate":1,"minecraft:shield":1,"minecraft:iron_axe":1,"minecraft:stick":16,"minecraft:iron_ingot":30,"minecraft:iron_pickaxe":1,"minecraft:stone_pickaxe":1,"minecraft:wooden_axe":1,"minecraft:stone_sword":1,"minecraft:white_bed":1,"minecraft:torch":20}},"DataVersion":3465}