{"stats":{"minecraft:picked_up":{"minecraft:raw_iron":11,"minecraft:crafting_table":3,"minecraft:feather":3,"minecraft:chicken":3,"minecraft:cherry_log":10,"minecraft:dirt":1,"minecraft:cooked_mutton":8,"minecraft:light_gray_wool":1,"minecraft:furnace":2,"minecraft:mutton":8,"minecraft:coal":40,"minecraft:cobblestone":30,"minecraft:white_wool":4,"minecraft:egg":3},"minecraft:mined":{"minecraft:furnace":2,"minecraft:iron_ore":11,"minecraft:cherry_log":10,"minecraft:crafting_table":3,"minecraft:grass":1,"minecraft:grass_block":4,"minecraft:coal_ore":22,"minecraft:cherry_leaves":2,"minecraft:dirt":4,"minecraft:stone":32},"minecraft:used":{"minecraft:cooked_mutton":1,"minecraft:wooden_axe":7,"minecraft:stone_sword":16,"minecraft:iron_axe":4,"minecraft:stone_pickaxe":60,"minecraft:iron_pickaxe":2,"minecraft:shield":1,"minecraft:wooden_pickaxe":5,"minecraft:torch":4,"minecraft:dirt":1,"minecraft:crafting_table":4,"minecraft:furnace":2,"minecraft:bucket":1},"minecraft:custom":{"minecraft:time_since_rest":16822,"minecraft:interact_with_furnace":16,"minecraft:sprint_one_cm":13854,"minecraft:damage_taken":170,"minecraft:walk_one_cm":36400,"minecraft:damage_blocked_by_shield":40,"minecraft:mob_kills":9,"minecraft:damage_dealt":688,"minecraft:interact_with_crafting_table":10,"minecraft:fly_one_cm":28860,"minecraft:crouch_one_cm":7808,"minecraft:play_time":16822,"minecraft:sneak_time":2347,"minecraft:walk_under_water_one_cm":2081,"minecraft:jump":208,"minecraft:leave_game":1,"minecraft:walk_on_water_one_cm":1673,"minecraft:time_since_death":16822,"minecraft:total_world_time":16822,"minecraft:fall_one_cm":8000,"minecraft:horse_one_cm":1499},"minecraft:killed":{"minecraft:sheep":5,"minecraft:chicken":3},"minecraft:crafted":{"minecraft:cherry_planks":40,"minecraft:shield":1,"minecraft:iron_axe":1,"minecraft:crafting_table":2,"minecraft:stick":16,"minecraft:cooked_chicken":3,"minecraft:iron_pickaxe":1,"minecraft:iron_ingot":11,"minecraft:wooden_pickaxe":1,"minecraft:stone_pickaxe":1,"minecraft:wooden_axe":1,"minecraft:stone_sword":1,"minecraft:furnace":2,"minecraft:white_bed":1,"minecraft:bucket":1,"minecraft:torch":20,"minecraft:air":0}},"DataVersion":3465}