{"stats":{"minecraft:custom":{"minecraft:jump":253,"minecraft:time_since_rest":1602,"minecraft:leave_game":1,"minecraft:deaths":1,"minecraft:damage_dealt":360,"minecraft:walk_on_water_one_cm":6781,"minecraft:sprint_one_cm":21990,"minecraft:play_time":6639,"minecraft:damage_taken":401,"minecraft:time_since_death":2896,"minecraft:walk_one_cm":14149,"minecraft:sneak_time":13,"minecraft:total_world_time":6639,"minecraft:walk_under_water_one_cm":2485,"minecraft:swim_one_cm":2740,"minecraft:fall_one_cm":3984,"minecraft:fly_one_cm":77671,"minecraft:player_kills":1},"minecraft:killed_by":{"minecraft:player":1},"minecraft:mined":{"minecraft:grass":4}},"DataVersion":3465}