{
  "minecraft:recipes/decorations/crafting_table": {
    "criteria": {
      "unlock_right_away": "2024-08-28 08:15:14 +0000"
    },
    "done": true
  },
  "minecraft:adventure/adventuring_time": {
    "criteria": {
      "minecraft:snowy_slopes": "2024-08-28 08:38:51 +0000",
      "minecraft:frozen_river": "2024-08-28 08:38:44 +0000",
      "minecraft:cherry_grove": "2024-08-28 08:41:22 +0000",
      "minecraft:snowy_plains": "2024-08-28 08:15:17 +0000",
      "minecraft:stony_shore": "2024-08-28 08:36:32 +0000",
      "minecraft:cold_ocean": "2024-08-28 08:39:35 +0000",
      "minecraft:ice_spikes": "2024-08-28 08:36:50 +0000",
      "minecraft:frozen_ocean": "2024-08-28 08:36:23 +0000",
      "minecraft:snowy_beach": "2024-08-28 08:35:58 +0000",
      "minecraft:plains": "2024-08-28 08:41:01 +0000"
    },
    "done": false
  },
  "tombstone:adventure/root": {
    "criteria": {
      "auto": "2024-08-28 08:15:17 +0000"
    },
    "done": true
  },
  "minecraft:recipes/transportation/cherry_boat": {
    "criteria": {
      "in_water": "2024-08-28 08:38:06 +0000"
    },
    "done": true
  },
  "minecraft:recipes/transportation/bamboo_raft": {
    "criteria": {
      "in_water": "2024-08-28 08:38:06 +0000"
    },
    "done": true
  },
  "minecraft:recipes/transportation/spruce_boat": {
    "criteria": {
      "in_water": "2024-08-28 08:38:06 +0000"
    },
    "done": true
  },
  "minecraft:recipes/transportation/birch_boat": {
    "criteria": {
      "in_water": "2024-08-28 08:38:06 +0000"
    },
    "done": true
  },
  "minecraft:recipes/transportation/oak_boat": {
    "criteria": {
      "in_water": "2024-08-28 08:38:06 +0000"
    },
    "done": true
  },
  "minecraft:recipes/transportation/mangrove_boat": {
    "criteria": {
      "in_water": "2024-08-28 08:38:06 +0000"
    },
    "done": true
  },
  "minecraft:recipes/transportation/acacia_boat": {
    "criteria": {
      "in_water": "2024-08-28 08:38:06 +0000"
    },
    "done": true
  },
  "minecraft:recipes/transportation/jungle_boat": {
    "criteria": {
      "in_water": "2024-08-28 08:38:06 +0000"
    },
    "done": true
  },
  "minecraft:recipes/transportation/dark_oak_boat": {
    "criteria": {
      "in_water": "2024-08-28 08:38:06 +0000"
    },
    "done": true
  },
  "DataVersion": 3465
}